{
    "catalog_api_version": 6, 
    "image": {
        "checksum": "04ae1fc1d4d486e6d5bed7353acdc83c", 
        "source_file": "bluedata-hdf-ambari27-7x-1.0.tar.gz"
    }, 
    "registry": {
        "authentication_enabled": false, 
        "url": "", 
        "content_trust_enabled": false
    }, 
    "services": [
        {
            "exported_service": "ambari", 
            "endpoint": {
                "url_scheme": "http", 
                "path": "/", 
                "port": "8080", 
                "is_dashboard": true
            }, 
            "id": "ambari", 
            "label": {
                "name": "Ambari"
            }
        }, 
        {
            "endpoint": {
                "port": "22", 
                "is_dashboard": false
            }, 
            "id": "ssh", 
            "label": {
                "name": "SSH"
            }
        }, 
        {
            "exported_service": "ambari_agent", 
            "id": "ambari_agent", 
            "label": {
                "name": "Ambari Agent"
            }
        }, 
        {
            "exported_service": "NiFi", 
            "endpoint": {
                "url_scheme": "http", 
                "path": "/nifi", 
                "port": "9092", 
                "is_dashboard": true
            }, 
            "id": "NiFi", 
            "label": {
                "name": "NiFi"
            }
        }, 
        {
            "exported_service": "STORM", 
            "endpoint": {
                "url_scheme": "http", 
                "path": "/", 
                "port": "8744", 
                "is_dashboard": true
            }, 
            "id": "STORM", 
            "label": {
                "name": "STORM"
            }
        }, 
        {
            "exported_service": "GRAFANA", 
            "endpoint": {
                "url_scheme": "http", 
                "path": "/", 
                "port": "3000", 
                "is_dashboard": true
            }, 
            "id": "GRAFANA", 
            "label": {
                "name": "GRAFANA"
            }
        }, 
        {
            "exported_service": "NiFi_REGISTERY", 
            "endpoint": {
                "url_scheme": "http", 
                "path": "/nifi-registry", 
                "port": "61080", 
                "is_dashboard": true
            }, 
            "id": "NiFi_REGISTERY", 
            "label": {
                "name": "NiFi_REGISTERY"
            }
        }
    ], 
    "logo": {
        "checksum": "de939e0d52f49ec65b6d69e549c9a13d", 
        "source_file": "HDF.png"
    }, 
    "label": {
        "name": "HDF 3.3 with Ambari 27", 
        "description": "HDF 3.3 & Ambari 27 with Nifi,Grafana,Nifi_Registry,storm,postgres96"
    }, 
    "node_roles": [
        {
            "min_cores": "4", 
            "image": {
                "imageOSMajor": "7", 
                "checksum": "78653e0833720eb7c162a852f2e51b8f", 
                "imageOS": "centos", 
                "source_file": "bluedata-hdf-ambari27-7x-5.0.tar.gz", 
                "imageRepotag": "bluedata/hdf-ambari27-7x:5.0"
            }, 
            "cardinality": "1", 
            "min_memory": "12288", 
            "id": "controller"
        }, 
        {
            "image": {
                "imageOSMajor": "7", 
                "checksum": "78653e0833720eb7c162a852f2e51b8f", 
                "imageOS": "centos", 
                "source_file": "bluedata-hdf-ambari27-7x-5.0.tar.gz", 
                "imageRepotag": "bluedata/hdf-ambari27-7x:5.0"
            }, 
            "cardinality": "1+", 
            "id": "worker"
        }
    ], 
    "categories": [
        "HDF"
    ], 
    "setup_package": {
        "config_api_version": 7, 
        "checksum": "be29a22b1ff3e5bed984344916fa14d1", 
        "source_file": "ambari-27-setup.tgz"
    }, 
    "distro_id": "bluedata/hdf33-ambari27", 
    "version": "2.4", 
    "document": {
        "mimetype": "text/markdown", 
        "checksum": "b66162cfebb839f9fe5b1586999bd77a", 
        "source_file": "hdf-ambari3-document.md"
    }, 
    "config": {
        "config_meta": {
            "ambari_user": "admin", 
            "hdf_ambari_mpack": "hdf-ambari-mpack-3.3.0.0-165.tar.gz", 
            "hdf_base_version": "3.3.0.0", 
            "ambari_port": "8080", 
            "ambari_password": "admin", 
            "hdf_repository_version": "3.3.0.0-165", 
            "hdf_stack_version": "3.3"
        }, 
        "config_choices": [
            {
                "selections": [
                    {
                        "id": false
                    }, 
                    {
                        "id": true
                    }
                ], 
                "type": "boolean", 
                "id": "kerberos", 
                "label": {
                    "name": "Enable kerberos for this cluster"
                }
            }, 
            {
                "selections": [
                    {
                        "id": false
                    }, 
                    {
                        "config": {
                            "config_choices": [
                                {
                                    "type": "string", 
                                    "id": "hdf_repo_url", 
                                    "label": {
                                        "name": "HDF RPM Repo URL"
                                    }
                                }, 
                                {
                                    "type": "string", 
                                    "id": "hdfmpack_url", 
                                    "label": {
                                        "name": "HDF mpack URL"
                                    }
                                }, 
                                {
                                    "type": "string", 
                                    "id": "ambari_url", 
                                    "label": {
                                        "name": "Ambari 2.7.1 Repo URL"
                                    }
                                }, 
                                {
                                    "type": "string", 
                                    "id": "epel_repo_url", 
                                    "label": {
                                        "name": "Epel Repo URL"
                                    }
                                }, 
                                {
                                    "type": "string", 
                                    "id": "centos_repo_url", 
                                    "label": {
                                        "name": "Centos Base Repo URL"
                                    }
                                }, 
                                {
                                    "type": "string", 
                                    "id": "centosupdates_repo_url", 
                                    "label": {
                                        "name": "Centos Updates Repo URL"
                                    }
                                }, 
                                {
                                    "type": "string", 
                                    "id": "centosextras_repo_url", 
                                    "label": {
                                        "name": "Centos Extras Repo URL"
                                    }
                                }, 
                                {
                                    "type": "string", 
                                    "id": "centosplus_repo_url", 
                                    "label": {
                                        "name": "Centos Plus Repo URL"
                                    }
                                }
                            ]
                        }, 
                        "id": true
                    }
                ], 
                "type": "boolean", 
                "id": "use_local_repo", 
                "label": {
                    "name": "Use Local Repositories"
                }
            }
        ], 
        "node_services": [
            {
                "service_ids": [
                    "ambari", 
                    "ambari_agent", 
                    "ssh", 
                    "NiFi", 
                    "STORM", 
                    "GRAFANA", 
                    "NiFi_REGISTERY"
                ], 
                "role_id": "controller"
            }, 
            {
                "service_ids": [
                    "ambari_agent", 
                    "ssh"
                ], 
                "role_id": "worker"
            }
        ], 
        "selected_roles": [
            "controller", 
            "worker"
        ]
    }
}