{
    "catalog_api_version": "4", 
    "config": {
        "config_meta": {}, 
        "config_choices": [], 
        "node_services": [
            {
                "service_ids": [
                    "ssh"
                ], 
                "role_id": "controller"
            }, 
            {
                "service_ids": [
                    "ssh"
                ], 
                "role_id": "worker"
            }
        ], 
        "selected_roles": [
            "controller", 
            "worker"
        ]
    }, 
    "label": {
        "name": "TensorFlow 1.9.0 With JupyterHub", 
        "description": "TensorFlow with JupyterHub"
    }, 
    "distro_id": "bluedata/tensorflow190", 
    "version": "2.0", 
    "registry": {
        "authentication_enabled": false, 
        "url": "", 
        "content_trust_enabled": false
    }, 
    "services": [
        {
            "endpoint": {
                "port": "22", 
                "is_dashboard": false
            }, 
            "id": "ssh", 
            "label": {
                "name": "SSH"
            }
        }
    ], 
    "logo": {
        "checksum": "916d7cfb85651e5f2ba3e152bef691f6", 
        "source_file": "tensorflow-logo.png"
    }, 
    "setup_package": {
        "config_api_version": 6, 
        "checksum": "d68251a5b634188507308be54fdc1fa3", 
        "source_file": "appconfig.tgz"
    }, 
    "node_roles": [
        {
            "image": {
                "imageOSMajor": "7", 
                "checksum": "cfbca04427cd1fdc4194cffb295ee8be", 
                "imageOS": "centos", 
                "source_file": "bluedata-tensorflowservingc-1.0.tar.gz", 
                "imageRepotag": "bluedata/tensorflowservingc:1.0"
            }, 
            "cardinality": "1", 
            "id": "controller"
        }, 
        {
            "image": {
                "imageOSMajor": "7", 
                "checksum": "cfbca04427cd1fdc4194cffb295ee8be", 
                "imageOS": "centos", 
                "source_file": "bluedata-tensorflowservingc-1.0.tar.gz", 
                "imageRepotag": "bluedata/tensorflowservingc:1.0"
            }, 
            "cardinality": "0+", 
            "id": "worker"
        }
    ], 
    "categories": [
        "DataScience"
    ]
}
