{
    "catalog_api_version": "4", 
    "config": {
        "config_meta": {
          "ml_engine": "python"
        },
        "config_choices": [], 
        "node_services": [
            {
                "service_ids": [
                    "ssh",
                    "notebook-hub"
                ], 
                "role_id": "NotebookServer"
            }, 
            {
                "service_ids": [
                    "ssh"
                ], 
                "role_id": "TrainingEngine"
            }
        ], 
        "selected_roles": [
            "NotebookServer", 
            "TrainingEngine"
        ]
    }, 
    "label": {
        "name": "Python ML and DL Toolkit", 
        "description": "Support for GPU/CPU. Included libraries: Tensorflow, keras, theano, pytorch, statsmodels, seaborn, bokeh, scikitlearn, numpy, dill, pandas, scipy, matplotlib, xgboost"
    }, 
    "distro_id": "bluedata/scikittraining_gpu", 
    "version": "1.6",
    "registry": {
        "authentication_enabled": false, 
        "url": "", 
        "content_trust_enabled": false
    }, 
    "services": [
        {
            "exported_service": "ssh", 
            "endpoint": {
                "is_dashboard": false, 
                "port": "22"
            }, 
            "id": "ssh", 
            "label": {
                "name": "ssh"
            }
        },
        {
            "id": "notebook-hub",
            "label": { "name": "Standalone Jupyterhub" },
            "endpoint" : {
                "url_scheme" : "http", 
                "port" : "8000",
                "is_dashboard" : true
            }
        }
    ], 
    "logo": {
        "checksum": "", 
        "source_file": "ML.png"
    }, 
    "setup_package": {
        "config_api_version": 10, 
        "checksum": "", 
        "source_file": "appconfig.tgz"
    },
    "node_roles": [
        {
            "image": {
                "imageOSMajor": "7", 
                "checksum": "", 
                "imageOS": "centos", 
                "source_file": "bluedata-sklearngpu-1.0.tar.gz", 
                "imageRepotag": "bluedata/sklearngpu:1.0"
            }, 
            "cardinality": "1+", 
            "id": "NotebookServer"
        }, 
        {
            "image": {
                "imageOSMajor": "7", 
                "checksum": "", 
                "imageOS": "centos", 
                "source_file": "bluedata-sklearngpu-1.0.tar.gz", 
                "imageRepotag": "bluedata/sklearngpu:1.0"
            }, 
            "cardinality": "0+", 
            "id": "TrainingEngine"
        }
    ],
    "categories": [
        "AIML/Training"
    ],
    "recommended_dep_distro_id" : "bluedata/flask_serving"
}
