{
    "catalog_api_version": "4", 
    "config": {
        "config_meta": {}, 
        "config_choices": [], 
        "node_services": [
            {
                "service_ids": [
                    "ssh"
                ], 
                "role_id": "controller"
            }, 
            {
                "service_ids": [
                    "ssh"
                ], 
                "role_id": "worker"
            }
        ], 
        "selected_roles": [
            "controller", 
            "worker"
        ]
    }, 
    "label": {
        "name": "BofA TensorFlow Image", 
        "description": "BofA TensorFlow Image"
    }, 
    "distro_id": "bluedata/bofa-tensorflow", 
    "version": "2.0", 
    "registry": {
        "authentication_enabled": false, 
        "url": "", 
        "content_trust_enabled": false
    }, 
    "services": [
        {
            "endpoint": {
                "port": "22", 
                "is_dashboard": false
            }, 
            "id": "ssh", 
            "label": {
                "name": "SSH"
            }
        }
    ], 
    "logo": {
        "checksum": "916d7cfb85651e5f2ba3e152bef691f6", 
        "source_file": "tensorflow-logo.png"
    }, 
    "setup_package": {
        "config_api_version": 6, 
        "checksum": "f35025c76f978a31719166151881f14d", 
        "source_file": "appconfig.tgz"
    }, 
    "node_roles": [
        {
            "image": {
                "imageOSMajor": "7", 
                "checksum": "93976179da33c3164c023f80e13933ac", 
                "imageOS": "centos", 
                "source_file": "bluedata-bofa-tensorflow-1.0.1.tar.gz", 
                "imageRepotag": "bluedata/bofa-tensorflow:1.0.1"
            }, 
            "cardinality": "1", 
            "id": "controller"
        }, 
        {
            "image": {
                "imageOSMajor": "7", 
                "checksum": "93976179da33c3164c023f80e13933ac", 
                "imageOS": "centos", 
                "source_file": "bluedata-bofa-tensorflow-1.0.1.tar.gz", 
                "imageRepotag": "bluedata/bofa-tensorflow:1.0.1"
            }, 
            "cardinality": "0+", 
            "id": "worker"
        }
    ], 
    "categories": [
        "DataScience"
    ]
}