<configuration>
<property>
  <name>fs.s3a.access.key</name>
  <value>@@@@AWS_ACCESS_KEY@@@@</value>
  </property>
<property>
  <name>fs.s3a.secret.key</name>
  <value>@@@@AWS_SECRET_KEY@@@@</value>
</property>
<property>
  <name>fs.s3a.impl</name>
  <value>org.apache.hadoop.fs.s3a.S3AFileSystem</value>
 </property>
<property>
    <name>fs.dtap.impl</name>
    <value>com.bluedata.hadoop.bdfs.Bdfs</value>
    <description>The FileSystem for BlueData dtap: URIs.</description>
  </property>
</configuration>
