{
    "catalog_api_version": "6", 
    "config": {
        "config_meta": {}, 
        "config_choices": [], 
        "node_services": [
            {
                "service_ids": [
                    "ssh", 
                    "spark", 
                    "spark_master", 
                    "spark_worker"
                ], 
                "role_id": "controller"
            }, 
            {
                "service_ids": [
                    "ssh", 
                    "spark_worker"
                ], 
                "role_id": "worker"
            }, 
            {
                "service_ids": [
                    "ssh", 
                    "jupyter-notebook"
                ], 
                "role_id": "jupyter"
            }, 
            {
                "service_ids": [
                    "ssh", 
                    "jupyterhub"
                ], 
                "role_id": "jupyterhub"
            }, 
            {
                "service_ids": [
                    "ssh", 
                    "rstudio-server", 
                    "shiny-server"
                ], 
                "role_id": "rstudio"
            }, 
            {
                "service_ids": [
                    "ssh"
                ], 
                "role_id": "gateway"
            }
        ], 
        "selected_roles": [
            "controller", 
            "worker", 
            "jupyter", 
            "jupyterhub", 
            "rstudio", 
            "gateway"
        ]
    }, 
    "image": {
        "checksum": "65742e53d5574c46c83e16aae2a9908e", 
        "source_file": "bluedata-sparks240-1.0.1.tar.gz"
    }, 
    "label": {
        "name": "Spark 2.4.0 Jupyter Notebooks & Jupyterhub with SSL & centos7x", 
        "description": "Jupyterhub on Spark 2.4.0 multirole with Jupyter Notebook, Jupyterhub with SSL and gateway node"
    }, 
    "distro_id": "bluedata/spark240juphub7xssl", 
    "version": "2.6", 
    "registry": {
        "authentication_enabled": false, 
        "url": "", 
        "content_trust_enabled": false
    }, 
    "services": [
        {
            "endpoint": {
                "port": "22", 
                "is_dashboard": false
            }, 
            "id": "ssh", 
            "label": {
                "name": "SSH"
            }
        }, 
        {
            "endpoint": {
                "url_scheme": "http", 
                "path": "/", 
                "is_dashboard": true, 
                "port": "8080"
            }, 
            "id": "spark", 
            "label": {
                "name": "Spark master"
            }
        }, 
        {
            "exported_service": "spark", 
            "endpoint": {
                "url_scheme": "spark", 
                "is_dashboard": false, 
                "port": "7077"
            }, 
            "id": "spark_master", 
            "label": {
                "name": "Spark master"
            }
        }, 
        {
            "endpoint": {
                "url_scheme": "http", 
                "path": "/", 
                "is_dashboard": true, 
                "port": "8081"
            }, 
            "id": "spark_worker", 
            "label": {
                "name": "Spark worker"
            }
        }, 
        {
            "endpoint": {
                "url_scheme": "http", 
                "path": "/", 
                "is_dashboard": true, 
                "port": "8787"
            }, 
            "id": "rstudio-server", 
            "label": {
                "name": "Rstudio server"
            }
        }, 
        {
            "endpoint": {
                "url_scheme": "http", 
                "path": "/", 
                "is_dashboard": true, 
                "port": "3838"
            }, 
            "id": "shiny-server", 
            "label": {
                "name": "Shiny server"
            }
        }, 
        {
            "endpoint": {
                "url_scheme": "https", 
                "path": "/", 
                "is_dashboard": true, 
                "port": "443"
            }, 
            "id": "jupyterhub", 
            "label": {
                "name": "Jupyterhub"
            }
        }, 
        {
            "endpoint": {
                "url_scheme": "http", 
                "path": "/", 
                "is_dashboard": true, 
                "port": "8888"
            }, 
            "id": "jupyter-notebook", 
            "label": {
                "name": "Jupyter Notebook"
            }
        }
    ], 
    "logo": {
        "checksum": "1471eb59356066ed4a06130566764ea6", 
        "source_file": "Logo_Jupyterhub.png"
    }, 
    "setup_package": {
        "config_api_version": 7, 
        "checksum": "c6f809bbf1c751f296d1d09bb17e70a1", 
        "source_file": "appconfig.tgz"
    }, 
    "node_roles": [
        {
            "cardinality": "1", 
            "id": "controller"
        }, 
        {
            "cardinality": "0+", 
            "id": "worker"
        }, 
        {
            "cardinality": "0+", 
            "id": "jupyter"
        }, 
        {
            "cardinality": "0+", 
            "id": "jupyterhub"
        }, 
        {
            "cardinality": "0+", 
            "id": "rstudio"
        }, 
        {
            "cardinality": "0+", 
            "id": "gateway"
        }
    ], 
    "categories": [
        "Spark"
    ]
}
