 {
    "catalog_api_version": "6", 
    "config": {
        "config_meta": {}, 
        "config_choices": [], 
        "node_services": [
            {
                "service_ids": [
                    "ssh", 
                    "h2o", 
                    "webssh"
                ], 
                "role_id": "H2O_Master"
            }, 
            {
                "service_ids": [
                    "ssh", 
                    "h2o"
                ], 
                "role_id": "H2O_Slave"
            }
        ], 
        "selected_roles": [
            "H2O_Master", 
            "H2O_Slave"
        ]
    }, 
    "image": {
        "checksum": "dee8abe6e82a52b6df3e4912d6915983", 
        "source_file": "bluedata-h2o324-1.0.tar.gz"
    }, 
    "label": {
        "name": "Standalone H2O 3.24", 
        "description": "H2O 3.24"
    }, 
    "distro_id": "bluedata/h2o-324-standalone", 
    "version": "1.1", 
    "registry": {
        "authentication_enabled": false, 
        "url": "", 
        "content_trust_enabled": false
    }, 
    "services": [
        {
            "endpoint": {
                "port": "22", 
                "is_dashboard": false
            }, 
            "id": "ssh", 
            "label": {
                "name": "SSH"
            }
        }, 
        {
            "exported_service": "h2o", 
            "endpoint": {
                "port": "54321", 
                "url_scheme": "http", 
                "is_dashboard": true, 
                "path": "/"
            }, 
            "id": "h2o", 
            "label": {
                "name": "H2O"
            }
        }, 
        {
            "endpoint": {
                "port": "4200", 
                "url_scheme": "https", 
                "is_dashboard": true, 
                "path": "/"
            }, 
            "id": "webssh", 
            "label": {
                "name": "Web ssh"
            }
        }
    ], 
    "logo": {
        "checksum": "62c21788cbb1f4fe37a1e081c597ba22", 
        "source_file": "h2o.png"
    }, 
    "setup_package": {
        "config_api_version": 7, 
        "checksum": "32e091c6c3713c51b98afc3866a8f883", 
        "source_file": "appconfig.tgz"
    }, 
    "node_roles": [
        {
            "cardinality": "1", 
            "id": "H2O_Master"
        }, 
        {
            "cardinality": "2+", 
            "id": "H2O_Slave"
        }
    ], 
    "categories": [
        "H2O"
    ]
}
