{
  "RepositoryVersions": {
    "display_name": "HDF-3.3.0.0",
    "id": 1,
    "repository_version": "3.3.0.0-165"
  },
  "operating_systems": [
    {
      "href": "http://@@@CONTROLLER_FQDN@@@:8080/api/v1/stacks/HDF/versions/3.3/repository_versions/1/operating_systems/redhat7",
      "OperatingSystems": {
        "os_type": "redhat7"
      },
      "repositories": [
        {
          "href": "@@@HDFBASEURL@@@",
          "Repositories": {     "base_url": "@@@HDFBASEURL@@@",
            "os_type": "redhat7",
            "repo_id": "HDP-3.3",
            "repo_name": "HDF"
          }
        }
      ]
    }
  ]
}
