{
  "distro_id": "bluedata/spark23-yarn-deployment",
  "label":  {
    "name": "Spark ModelServer",
    "description": "Spark 2.3 Model Serving on Yarn with Livy"
  },
  "version": "1.4",
  "catalog_api_version": 6,
  "recommended_dep_distro_id": "bluedata/flask_serving",
  "persist_dirs": ["/data", "/shuffle", "/hadoop", "/app-logs"],
  "categories": [ "AIML/Deployment" ],
  "image": {
    "import_url": "to be inserted by build",
    "checksum": "to be inserted by build"
  },
  "setup_package": {
    "import_url": "to be inserted by build",
    "checksum": "to be inserted by build",
    "config_api_version" : 10
  },
  "services": [
    {
      "id": "AMBARI_SERVER",
      "exported_service": "ambari",
      "label": { "name": "Ambari Server" },
      "endpoint" : {
        "url_scheme" : "http",
        "port" : "8080",
        "path" : "/",
        "is_dashboard" : true
      }
    },
    {
      "id": "AMBARI_AGENT",
      "exported_service": "ambari_agent",
      "label": { "name": "Ambari Agent" }
    },
    {
      "id": "NAMENODE",
      "label": { "name": "NameNode" }
    },
    {
      "id": "DATANODE",
      "label": { "name": "DataNode" }
    },
    {
      "id": "RESOURCEMANAGER",
      "exported_service": "hadoop",
      "qualifiers": [ "yarn" ],
      "label": { "name": "ResourceManager" },
      "endpoint" : {
        "url_scheme" : "http",
        "port" : "8088",
        "path" : "/cluster",
        "is_dashboard" : true
      }
    },
    {
      "id": "NODEMANAGER",
      "label": { "name": "NodeManager" }
    },
    {
      "id": "HISTORYSERVER",
      "label": { "name": "HistoryServer" },
      "endpoint": {
        "url_scheme": "http",
        "port": "19888",
        "path": "/jobhistory",
        "is_dashboard": true
      }
    },
    {
      "id": "APP_TIMELINE_SERVER",
      "exported_service": "hadoop",
      "qualifiers": [ "yarn" ],
      "label": { "name": "APP Timeline Server" }
    },
    {
      "id": "ZOOKEEPER_SERVER",
      "label": { "name": "Zookeeper Server" }
    },
    {
      "id": "ZOOKEEPER_CLIENT",
      "label": { "name": "Zookeeper Client" }
    },
    {
      "id": "HIVE_SERVER",
      "exported_service": "hive_server",
      "label": { "name": "Hive Server" }
    },
    {
      "id": "HIVE_METASTORE",
      "label": { "name": "Hive Metastore" }
    },
    {
      "id": "MYSQL_SERVER",
      "label": { "name": "MySql Server" }
    },
    {
      "id": "TEZ_CLIENT",
      "label": { "name": "Tez Client" }
    },
    {
      "id": "HIVE_CLIENT",
      "label": { "name": "Hive Client" }
    },
    {
      "id": "ssh",
      "exported_service": "ssh", 
      "label": { "name": "SSH" },
      "endpoint" : {
        "port" : "22",
        "is_dashboard" : false
      }
    },
    {
      "id": "ZKFC",
      "label": {"name": "Zookeeper Failover Controller"}
    },
    {
      "id": "JOURNALNODE",
      "label": {"name": "JournalNode"}
    },
    {
      "id": "HDFS_CLIENT",
      "label": {"name": "HDFS Client"}
    },
    {
      "id": "YARN_CLIENT",
      "label": {"name": "YARN Client"}
    },
    {
      "id": "MAPREDUCE2_CLIENT",
      "label": {"name": "Mapreduce2 Client"}
    },
    {
      "id": "SPARK2_JOBHISTORYSERVER",
      "label": {"name": "Spark2 JobHistoryServer"},
      "endpoint" : {
        "url_scheme" : "http",
        "port" : "18081",
        "is_dashboard" : true
      }
    },
    {
      "id": "LIVY2_SERVER",
      "exported_service": "AIML/Training",
      "label": {"name": "Livy2 Server"},
      "endpoint" : {
        "url_scheme" : "http",
        "port" : "8999",
        "is_dashboard" : true
      }
    },
    {
      "id": "TIMELINE_READER",
      "label": {"name": "Timeline Reader"}
    },
    {
      "id": "KERBEROS_CLIENT",
      "label": {"name": "KERBEROS_CLIENT"}
    },
    {
      "id": "SPARK2_CLIENT",
      "label": {"name": "SPARK2_CLIENT"}
    }
  ],
  "node_roles": [
    {
      "id": "master",
      "cardinality": "1",
      "min_cores": "4",
      "anti_affinity_group_id": "HDP",
      "min_memory": "12288"
    },
    {
      "id": "standby",
      "anti_affinity_group_id": "HDP",
      "cardinality": "1"
    },
    {
      "id": "arbiter",
      "anti_affinity_group_id": "HDP",
      "cardinality": "1"
    },
    {
      "id": "worker",
      "cardinality": "1+"
    }
  ],
  "config": {
    "selected_roles": [ "master", "worker" ],
    "node_services": [
      {
        "role_id": "master",
        "service_ids": [ "AMBARI_SERVER", "AMBARI_AGENT", "ZOOKEEPER_SERVER", "ZOOKEEPER_CLIENT", "NAMENODE",
                         "APP_TIMELINE_SERVER", "HISTORYSERVER", "ssh", "RESOURCEMANAGER",
                         "HDFS_CLIENT", "YARN_CLIENT", "MAPREDUCE2_CLIENT", "TIMELINE_READER",
                         "HIVE_SERVER", "HIVE_METASTORE", "SPARK2_JOBHISTORYSERVER", "LIVY2_SERVER",
                         "TEZ_CLIENT", "HIVE_CLIENT", "SPARK2_CLIENT", "MYSQL_SERVER"]
      },
      {
        "role_id": "standby",
        "service_ids": [ "AMBARI_AGENT", "NODEMANAGER", "DATANODE", "ssh" , "ZOOKEEPER_SERVER",
                         "ZOOKEEPER_CLIENT", "NAMENODE", "ZKFC", "JOURNALNODE",
                         "RESOURCEMANAGER", "HDFS_CLIENT", "YARN_CLIENT", "MAPREDUCE2_CLIENT", "TEZ_CLIENT",
                         "HIVE_CLIENT", "SPARK2_CLIENT"]
      },
      {
        "role_id": "arbiter",
        "service_ids": [ "AMBARI_AGENT", "ZOOKEEPER_SERVER", "ZOOKEEPER_CLIENT", "ssh",
                         "JOURNALNODE", "NODEMANAGER", "HDFS_CLIENT", "YARN_CLIENT",
                         "MAPREDUCE2_CLIENT", "DATANODE", "TEZ_CLIENT",
                         "HIVE_CLIENT", "SPARK2_CLIENT"]
      },
      {
        "role_id": "worker",
        "service_ids": [ "AMBARI_AGENT", "ZOOKEEPER_CLIENT", "ssh", "TEZ_CLIENT", "HIVE_CLIENT", "SPARK2_CLIENT",
                         "NODEMANAGER", "HDFS_CLIENT", "YARN_CLIENT", "MAPREDUCE2_CLIENT", "DATANODE" ]
      }
    ],
    "config_meta": {
      "streaming_jar": "/usr/hdp/current/hadoop-mapreduce-client/hadoop-streaming.jar",
      "hdp_stack_version" : "3.1",
      "hdp_repository_version" : "3.1.0.0-78",
      "hdp_base_url": "HDP/centos7/3.1.0.0-78",
      "vdf_file_name": "HDP-3.1.0.0-78.xml",
      "ambari_user": "admin",
      "ambari_password": "admin",
      "ambari_port": "8080",
      "master_1": "master",
      "master_2": "standby",
      "master_3": "arbiter",
      "ml_engine": "spark"
    },
    "config_choices": [
      {
        "id": "all_ha",
        "type": "boolean",
        "label": { "name": "YARN and HDFS High Availability" },
        "selections": [
          {
            "id": false
          },
          {
            "id": true,
            "config": {
              "selected_roles": [ "master", "standby", "arbiter" ],
              "node_services": [
                {
                  "role_id": "master",
                  "service_ids": ["ZKFC", "JOURNALNODE" ]
                },
                {
                  "role_id": "standby",
                  "service_ids": [ ]
                },
                {
                  "role_id": "arbiter",
                  "service_ids": [ ]
                }
              ]
            }
          }
        ]
      },
      {
        "label": {
          "name": "Enable kerberos for this cluster"
        },
        "type": "boolean",
        "id": "kerberos",
        "selections": [
          {
            "id": false
          },
          {
            "id": true,
            "config": {
              "selected_roles": [ "master", "worker" ],
              "node_services": [
                {
                  "role_id": "master",
                  "service_ids": ["KERBEROS_CLIENT"]
                },
                {
                  "role_id": "standby",
                  "service_ids": ["KERBEROS_CLIENT"]
                },
                {
                  "role_id": "arbiter",
                  "service_ids": ["KERBEROS_CLIENT"]
                },
                {
                  "role_id": "worker",
                  "service_ids": ["KERBEROS_CLIENT"]
                }
              ]
            }
          }
        ]
      },
      {
        "label": {"name": "Use Local RPM Repositories"},
        "type": "boolean",
        "id": "use_local_repo",
        "selections": [
          {"id": false},
          {
            "id": true,
            "config": {
              "config_choices": [
                {
                  "label": {
                    "name": "HDP RPM Repo URL"
                  },
                  "type": "string",
                  "id": "hdp_repo_url"
                },
                {
                  "label": {
                    "name": "HDP Utils RPM Repo URL"
                  },
                  "type": "string",
                  "id": "hdputils_repo_url"
                },
                {
                  "label": {
                    "name": "HDP GPL RPM Repo URL"
                  },
                  "type": "string",
                  "id": "hdpgpl_repo_url"
                },
                {
                  "label": {
                    "name": "Centos Base Repo URL"
                  },
                  "type": "string",
                  "id": "centos_repo_url"
                },
                {
                  "label": {
                    "name": "Centos Updates Repo URL"
                  },
                  "type": "string",
                  "id": "centosupdates_repo_url"
                },
                {
                  "label": {
                    "name": "Centos Extras Repo URL"
                  },
                  "type": "string",
                  "id": "centosextras_repo_url"
                },
                {
                  "label": {
                    "name": "Centos Plus Repo URL"
                  },
                  "type": "string",
                  "id": "centosplus_repo_url"
                },
                {
                  "label": {
                    "name": "EPEL Repo URL"
                  },
                  "type": "string",
                  "id": "epel_repo_url"
                }
              ]
            }
          }
        ]
      }

    ]
  }
}




