{
  "type" : "oozie-env",
  "tag" : "bluedata",
  "properties" : {
    "content" : "\n#!/bin/bash\n\nif [ -d \"/usr/lib/bigtop-tomcat\" ]; then\n  export OOZIE_CONFIG=${OOZIE_CONFIG:-/etc/oozie/conf}\n  export CATALINA_BASE=${CATALINA_BASE:-{{oozie_server_dir}}}\n  export CATALINA_TMPDIR=${CATALINA_TMPDIR:-/var/tmp/oozie}\n  export OOZIE_CATALINA_HOME=/usr/lib/bigtop-tomcat\nfi\n\n#Set JAVA HOME\nexport JAVA_HOME={{java_home}}\n\nexport JRE_HOME=${JAVA_HOME}\n\n# Set Oozie specific environment variables here.\n\n# Settings for the Embedded Tomcat that runs Oozie\n# Java System properties for Oozie should be specified in this variable\n#\n# export CATALINA_OPTS=\n\n# Oozie configuration file to load from Oozie configuration directory\n#\n# export OOZIE_CONFIG_FILE=oozie-site.xml\n\n# Oozie logs directory\n#\nexport OOZIE_LOG={{oozie_log_dir}}\n\n# Oozie pid directory\n#\nexport CATALINA_PID={{pid_file}}\n\n#Location of the data for oozie\nexport OOZIE_DATA={{oozie_data_dir}}\n\n# Oozie Log4J configuration file to load from Oozie configuration directory\n#\n# export OOZIE_LOG4J_FILE=oozie-log4j.properties\n\n# Reload interval of the Log4J configuration file, in seconds\n#\n# export OOZIE_LOG4J_RELOAD=10\n\n# The port Oozie server runs\n#\nexport OOZIE_HTTP_PORT={{oozie_server_port}}\n\n# The admin port Oozie server runs\n#\nexport OOZIE_ADMIN_PORT={{oozie_server_admin_port}}\n\n# The host name Oozie server runs on\n#\n# export OOZIE_HTTP_HOSTNAME=`hostname -f`\n\n# The base URL for callback URLs to Oozie\n#\n# export OOZIE_BASE_URL=\"http://${OOZIE_HTTP_HOSTNAME}:${OOZIE_HTTP_PORT}/oozie\"\nexport JAVA_LIBRARY_PATH={{hadoop_lib_home}}/native/Linux-amd64-64\n\n# At least 1 minute of retry time to account for server downtime during\n# upgrade/downgrade\nexport OOZIE_CLIENT_OPTS=\"${OOZIE_CLIENT_OPTS} -Doozie.connection.retry.count=5 \"\n\n# This is needed so that Oozie does not run into OOM or GC Overhead limit\n# exceeded exceptions. If the oozie server is handling large number of\n# workflows/coordinator jobs, the memory settings may need to be revised\nexport CATALINA_OPTS=\"${CATALINA_OPTS} -Xmx2048m -XX:MaxPermSize=256m \"",
    "oozie_admin_port" : "11001",
    "oozie_admin_users" : "{oozie_user}, oozie-admin",
    "oozie_ambari_database" : "MySQL",
    "oozie_data_dir" : "/data/oozie",
    "oozie_database" : "Existing MySQL Database",
    "oozie_derby_database" : "Derby",
    "oozie_existing_mysql_database" : "MySQL",
    "oozie_existing_mysql_host" : "MASTER_NAME_FQDN",
    "oozie_existing_oracle_database" : "Oracle",
    "oozie_existing_oracle_host" : "",
    "oozie_existing_postgresql_database" : "PostgreSQL",
    "oozie_existing_postgresql_host" : "",
    "oozie_heapsize" : "2048m",
    "oozie_hostname" : "",
    "oozie_log_dir" : "/var/log/oozie",
    "oozie_permsize" : "256m",
    "oozie_pid_dir" : "/var/run/oozie",
    "oozie_user" : "oozie",
    "oozie_user_nofile_limit" : "32000"
  },
  "properties_attributes" : { }
}
