{
  "type" : "oozie-site",
  "tag" : "bluedata",
  "properties" : {
    "oozie.service.ProxyUserService.proxyuser.hue.hosts" : "*",
    "oozie.service.ProxyUserService.proxyuser.hue.groups" : "*",
    "oozie.authentication.kerberos.name.rules" : "\n      RULE:[2:$1@$0]([jt]t@.*TODO-KERBEROS-DOMAIN)s/.*/TODO-MAPREDUSER/\n      RULE:[2:$1@$0]([nd]n@.*TODO-KERBEROS-DOMAIN)s/.*/TODO-HDFSUSER/\n      RULE:[2:$1@$0](hm@.*TODO-KERBEROS-DOMAIN)s/.*/TODO-HBASE-USER/\n      RULE:[2:$1@$0](rs@.*TODO-KERBEROS-DOMAIN)s/.*/TODO-HBASE-USER/\n      DEFAULT",
    "oozie.authentication.simple.anonymous.allowed" : "true",
    "oozie.authentication.type" : "simple",
    "oozie.base.url" : "http://MASTER_NAME_FQDN:11000/oozie",
    "oozie.credentials.credentialclasses" : "hcat=org.apache.oozie.action.hadoop.HCatCredentials",
    "oozie.db.schema.name" : "oozie",
    "oozie.service.ActionService.executor.ext.classes" : "\n      org.apache.oozie.action.email.EmailActionExecutor,\n      org.apache.oozie.action.hadoop.HiveActionExecutor,\n      org.apache.oozie.action.hadoop.ShellActionExecutor,\n      org.apache.oozie.action.hadoop.SqoopActionExecutor,\n      org.apache.oozie.action.hadoop.DistcpActionExecutor",
    "oozie.service.AuthorizationService.security.enabled" : "true",
    "oozie.service.CallableQueueService.callable.concurrency" : "3",
    "oozie.service.CallableQueueService.queue.size" : "1000",
    "oozie.service.CallableQueueService.threads" : "10",
    "oozie.service.HadoopAccessorService.hadoop.configurations" : "*=/etc/hadoop/conf",
    "oozie.service.HadoopAccessorService.kerberos.enabled" : "false",
    "oozie.service.JPAService.create.db.schema" : "false",
    "oozie.service.JPAService.jdbc.driver" : "com.mysql.jdbc.Driver",
    "oozie.service.JPAService.jdbc.password" : "oozie",
    "oozie.service.JPAService.jdbc.url" : "jdbc:mysql://localhost:3306/oozie",
    "oozie.service.JPAService.jdbc.username" : "oozie",
    "oozie.service.JPAService.pool.max.active.conn" : "10",
    "oozie.service.ProxyUserService.proxyuser.falcon.groups" : "*",
    "oozie.service.ProxyUserService.proxyuser.falcon.hosts" : "*",
    "oozie.service.PurgeService.older.than" : "30",
    "oozie.service.PurgeService.purge.interval" : "3600",
    "oozie.service.SchemaService.wf.ext.schemas" : "shell-action-0.1.xsd,shell-action-0.2.xsd,shell-action-0.3.xsd,email-action-0.1.xsd,email-action-0.2.xsd,hive-action-0.2.xsd,hive-action-0.3.xsd,hive-action-0.4.xsd,hive-action-0.5.xsd,sqoop-action-0.2.xsd,sqoop-action-0.3.xsd,sqoop-action-0.4.xsd,ssh-action-0.1.xsd,ssh-action-0.2.xsd,distcp-action-0.1.xsd,distcp-action-0.2.xsd,oozie-sla-0.1.xsd,oozie-sla-0.2.xsd",
    "oozie.service.URIHandlerService.uri.handlers" : "org.apache.oozie.dependency.FSURIHandler,org.apache.oozie.dependency.HCatURIHandler",
    "oozie.service.WorkflowAppService.system.libpath" : "/user/${user.name}/share/lib",
    "oozie.service.coord.check.maximum.frequency" : "false",
    "oozie.service.coord.normal.default.timeout" : "120",
    "oozie.service.coord.push.check.requeue.interval" : "30000",
    "oozie.services.ext" : "org.apache.oozie.service.JMSAccessorService,org.apache.oozie.service.PartitionDependencyManagerService,org.apache.oozie.service.HCatAccessorService",
    "oozie.system.id" : "oozie-${user.name}",
    "oozie.systemmode" : "NORMAL",
    "oozie.service.HadoopAccessorService.supported.filesystems" : "*",
    "oozie.service.HadoopAccessorService.jobTracker.whitelist" : " ",
    "oozie.service.HadoopAccessorService.nameNode.whitelist" : " ",
    "use.system.libpath.for.mapreduce.and.pig.jobs" : "true",
    "oozie.use.system.libpath" : "true"
  },
  "properties_attributes" : { }
}
