{
  "type" : "oozie-log4j",
  "tag" : "bluedata",
  "properties" : {
    "content" : "\n#\n# Licensed to the Apache Software Foundation (ASF) under one\n# or more contributor license agreements.  See the NOTICE file\n# distributed with this work for additional information\n# regarding copyright ownership.  The ASF licenses this file\n# to you under the Apache License, Version 2.0 (the\n# \"License\"); you may not use this file except in compliance\n# with the License.  You may obtain a copy of the License at\n#\n#    http://www.apache.org/licenses/LICENSE-2.0\n#\n# Unless required by applicable law or agreed to in writing, software\n# distributed under the License is distributed on an \"AS IS\" BASIS,\n# WITHOUT WARRANTIES OR CONDITIONS OF ANY KIND, either express or implied.\n# See the License for the specific language governing permissions and\n# limitations under the License. See accompanying LICENSE file.\n#\n\n# If the Java System property 'oozie.log.dir' is not defined at Oozie start up time\n# XLogService sets its value to '${oozie.home}/logs'\n\nlog4j.appender.oozie=org.apache.log4j.DailyRollingFileAppender\nlog4j.appender.oozie.DatePattern='.'yyyy-MM-dd-HH\nlog4j.appender.oozie.File=${oozie.log.dir}/oozie.log\nlog4j.appender.oozie.Append=true\nlog4j.appender.oozie.layout=org.apache.log4j.PatternLayout\nlog4j.appender.oozie.layout.ConversionPattern=%d{ISO8601} %5p %c{1}:%L - SERVER[${oozie.instance.id}] %m%n\n\nlog4j.appender.oozieops=org.apache.log4j.DailyRollingFileAppender\nlog4j.appender.oozieops.DatePattern='.'yyyy-MM-dd\nlog4j.appender.oozieops.File=${oozie.log.dir}/oozie-ops.log\nlog4j.appender.oozieops.Append=true\nlog4j.appender.oozieops.layout=org.apache.log4j.PatternLayout\nlog4j.appender.oozieops.layout.ConversionPattern=%d{ISO8601} %5p %c{1}:%L - %m%n\n\nlog4j.appender.oozieinstrumentation=org.apache.log4j.DailyRollingFileAppender\nlog4j.appender.oozieinstrumentation.DatePattern='.'yyyy-MM-dd\nlog4j.appender.oozieinstrumentation.File=${oozie.log.dir}/oozie-instrumentation.log\nlog4j.appender.oozieinstrumentation.Append=true\nlog4j.appender.oozieinstrumentation.layout=org.apache.log4j.PatternLayout\nlog4j.appender.oozieinstrumentation.layout.ConversionPattern=%d{ISO8601} %5p %c{1}:%L - %m%n\n\nlog4j.appender.oozieaudit=org.apache.log4j.DailyRollingFileAppender\nlog4j.appender.oozieaudit.DatePattern='.'yyyy-MM-dd\nlog4j.appender.oozieaudit.File=${oozie.log.dir}/oozie-audit.log\nlog4j.appender.oozieaudit.Append=true\nlog4j.appender.oozieaudit.layout=org.apache.log4j.PatternLayout\nlog4j.appender.oozieaudit.layout.ConversionPattern=%d{ISO8601} %5p %c{1}:%L - %m%n\n\nlog4j.appender.openjpa=org.apache.log4j.DailyRollingFileAppender\nlog4j.appender.openjpa.DatePattern='.'yyyy-MM-dd\nlog4j.appender.openjpa.File=${oozie.log.dir}/oozie-jpa.log\nlog4j.appender.openjpa.Append=true\nlog4j.appender.openjpa.layout=org.apache.log4j.PatternLayout\nlog4j.appender.openjpa.layout.ConversionPattern=%d{ISO8601} %5p %c{1}:%L - %m%n\n\nlog4j.logger.openjpa=INFO, openjpa\nlog4j.logger.oozieops=INFO, oozieops\nlog4j.logger.oozieinstrumentation=ALL, oozieinstrumentation\nlog4j.logger.oozieaudit=ALL, oozieaudit\nlog4j.logger.org.apache.oozie=INFO, oozie\nlog4j.logger.org.apache.hadoop=WARN, oozie\nlog4j.logger.org.mortbay=WARN, oozie\nlog4j.logger.org.hsqldb=WARN, oozie\nlog4j.logger.org.apache.hadoop.security.authentication.server=INFO, oozie"
  },
  "properties_attributes" : { }
}
