{
    "catalog_api_version": "4", 
    "config": {
        "config_meta": {
          "ml_engine": "python"
        },
        "config_choices": [], 
        "node_services": [
            {
                "service_ids": [
                    "ssh"
                ], 
                "role_id": "InferenceEngine"
            }
        ], 
        "selected_roles": [
            "InferenceEngine"
        ]
    }, 
    "label": {
        "name": "Python ML/DL Toolkit", 
        "description": "Included libraries: Tensorflow, keras, theano, pytorch, statsmodels, seaborn, bokeh, scikitlearn, numpy, dill, pandas, scipy, matplotlib, xgboost"
        
    }, 
    "distro_id": "bluedata/scikittraining", 
    "version": "1.5", 
    "registry": {
        "authentication_enabled": false, 
        "url": "", 
        "content_trust_enabled": false
    }, 
    "services": [
        {
            "exported_service": "ssh", 
            "endpoint": {
                "is_dashboard": false, 
                "port": "22"
            }, 
            "id": "ssh", 
            "label": {
                "name": "sshd"
            }
        }
    ], 
    "logo": {
        "checksum": "22fcdc0bb8bc7812445b75dd2fc3e88a", 
        "source_file": "ML.png"
    }, 
    "setup_package": {
        "config_api_version": 10, 
        "checksum": "bf86f67ebdd62efbe97831d910f02291", 
        "source_file": "appconfig.tgz"
    }, 
    "node_roles": [
        {
            "image": {
                "imageOSMajor": "7", 
                "checksum": "26e903aa791ad7667545a932ddef21f8", 
                "imageOS": "centos", 
                "source_file": "bluedata-sklearn-1.0.tar.gz", 
                "imageRepotag": "bluedata/sklearn:1.0"
            }, 
            "cardinality": "1+", 
            "id": "InferenceEngine"
        }
    ],
    "categories": [
        "AIML/Deployment"
    ],
    "recommended_dep_distro_id" : "bluedata/flask_serving"
}
