<?xml version="1.0"?>
<?xml-stylesheet type="text/xsl" href="configuration.xsl"?>
<!--
   Licensed to the Apache Software Foundation (ASF) under one or more
   contributor license agreements.  See the NOTICE file distributed with
   this work for additional information regarding copyright ownership.
   The ASF licenses this file to You under the Apache License, Version 2.0
   (the "License"); you may not use this file except in compliance with
   the License.  You may obtain a copy of the License at

       http://www.apache.org/licenses/LICENSE-2.0

   Unless required by applicable law or agreed to in writing, software
   distributed under the License is distributed on an "AS IS" BASIS,
   WITHOUT WARRANTIES OR CONDITIONS OF ANY KIND, either express or implied.
   See the License for the specific language governing permissions and
   limitations under the License.
-->

<configuration>

<property>
  <name>zeppelin.server.addr</name>
  <value>0.0.0.0</value>
  <description>Server address</description>
</property>

<property>
  <name>zeppelin.server.port</name>
  <value>8055</value>
  <description>Server port. port+1 is used for web socket.</description>
</property>

<property>
  <name>zeppelin.websocket.addr</name>
  <value>0.0.0.0</value>
  <description>Testing websocket address</description>
</property>

<property>
  <name>zeppelin.anonymous.allowed</name>
  <value>true</value>
  <description>Anonymous user allowed by default</description>
</property>

<!-- If the port value is negative, then it'll default to the server
     port + 1.
  -->
<property>
  <name>zeppelin.websocket.port</name>
  <value>-1</value>
  <description>Testing websocket port</description>
</property>

<property>
  <name>zeppelin.notebook.dir</name>
  <value>notebook</value>
  <description>path or URI for notebook persist</description>
</property>

<property>
  <name>zeppelin.notebook.storage</name>
  <value>org.apache.zeppelin.notebook.repo.VFSNotebookRepo</value>
  <description>notebook persistence layer implementation</description>
</property>

<property>
  <name>zeppelin.interpreter.dir</name>
  <value>interpreter</value>
  <description>Interpreter implementation base directory</description>
</property>

<property>
  <name>zeppelin.interpreters</name>
  <value>org.apache.zeppelin.spark.SparkInterpreter,org.apache.zeppelin.spark.PySparkInterpreter,org.apache.zeppelin.spark.SparkSqlInterpreter,org.apache.zeppelin.spark.DepInterpreter,org.apache.zeppelin.markdown.Markdown,org.apache.zeppelin.angular.AngularInterpreter,org.apache.zeppelin.shell.ShellInterpreter,org.apache.zeppelin.hive.HiveInterpreter,org.apache.zeppelin.tajo.TajoInterpreter,org.apache.zeppelin.flink.FlinkInterpreter,org.apache.zeppelin.ignite.IgniteInterpreter,org.apache.zeppelin.ignite.IgniteSqlInterpreter</value>
  <description>Comma separated interpreter configurations. First interpreter become a default</description>
</property>

<property>
  <name>zeppelin.interpreter.connect.timeout</name>
  <value>30000</value>
  <description>Interpreter process connect timeout in msec.</description>
</property>


<property>
  <name>zeppelin.ssl</name>
  <value>false</value>
  <description>Should SSL be used by the servers?</description>
</property>

<property>
  <name>zeppelin.ssl.client.auth</name>
  <value>false</value>
  <description>Should client authentication be used for SSL connections?</description>
</property>

<property>
  <name>zeppelin.ssl.keystore.path</name>
  <value>keystore</value>
  <description>Path to keystore relative to Zeppelin configuration directory</description>
</property>

<property>
  <name>zeppelin.ssl.keystore.type</name>
  <value>JKS</value>
  <description>The format of the given keystore (e.g. JKS or PKCS12)</description>
</property>

<property>
  <name>zeppelin.ssl.keystore.password</name>
  <value>change me</value>
  <description>Keystore password. Can be obfuscated by the Jetty Password tool</description>
</property>

<!--
<property>
  <name>zeppelin.ssl.key.manager.password</name>
  <value>change me</value>
  <description>Key Manager password. Defaults to keystore password. Can be obfuscated.</description>
</property>
-->

<property>
  <name>zeppelin.ssl.truststore.path</name>
  <value>truststore</value>
  <description>Path to truststore relative to Zeppelin configuration directory. Defaults to the keystore path</description>
</property>

<property>
  <name>zeppelin.ssl.truststore.type</name>
  <value>JKS</value>
  <description>The format of the given truststore (e.g. JKS or PKCS12). Defaults to the same type as the keystore type</description>
</property>

<!--
<property>
  <name>zeppelin.ssl.truststore.password</name>
  <value>change me</value>
  <description>Truststore password. Can be obfuscated by the Jetty Password tool. Defaults to the keystore password</description>
</property>
-->

</configuration>
