{
  "distro_id": "bluedata/notebook",
  "label": {
    "name": "Jupyter Notebook with JupyterHub",
    "description": "Jupyter Notebook with Jupyterhub"
  },
  "version": "1.4",
  "catalog_api_version": 6,
  "categories": [
    "AIML/Notebook"
  ],
  "image": {
    "import_url": "to be inserted by build",
    "checksum": "to be inserted by build"
  },
  "setup_package": {
    "import_url": "to be inserted by build",
    "checksum": "to be inserted by build",
    "config_api_version": 10
  },
  "xxx_scp_import_paths": [],
  "services": [
    {
      "id": "notebook_server",
      "exported_service": "notebook",
      "label": {
        "name": "NotebookServer"
      },
      "endpoint": {
        "url_scheme": "http",
        "port": "8000",
        "is_dashboard": true,
        "path": ""
      }
    }
  ],
  "node_roles": [
    {
      "image": {
        "imageOSMajor": "",
        "checksum": "",
        "imageOS": "",
        "source_file": "",
        "imageRepotag": ""
      },
      "id": "NotebookServer",
      "cardinality": "1"
    }
  ],
  "attachable_to" :
  [
    {
      "category" : "AIML/Training"
    }
  ],
  "config": {
    "selected_roles": [
      "NotebookServer"
    ],
    "node_services": [
      {
        "role_id": "NotebookServer",
        "service_ids": [
          "notebook_server"
        ]
      }
    ]
  }
}
