{
  "configurations": {
    "ams-grafana-env": {
      "metrics_grafana_password": "@@@PASSWORD@@@"
    },
    "streamline-common": {
      "jar.storage.type": "local",
      "streamline.storage.type": "postgresql",
      "streamline.storage.connector.connectURI": "jdbc:postgresql://@@@HOSTNAME@@@:5432/streamline",
      "registry.url" : "http://@@@HOSTNAME@@@:7788/api/v1",
      "streamline.dashboard.url" : "http://@@@HOSTNAME@@@:9089",
      "streamline.storage.connector.password": "@@@PASSWORD@@@"
    },
    "registry-common": {
      "jar.storage.type": "local",
      "registry.storage.connector.connectURI": "jdbc:postgresql://@@@HOSTNAME@@@:5432/registry",
      "registry.storage.type": "postgresql",
      "registry.storage.connector.password": "@@@PASSWORD@@@"
    },
    "nifi-registry-ambari-config": {
      "nifi.registry.security.encrypt.configuration.password": "@@@PASSWORD@@@"
    },
    "nifi-ambari-config": {
     "nifi.security.encrypt.configuration.password": "@@@PASSWORD@@@",
        "nifi.content.repository.dir.default": "/nifi/content_repository",
        "nifi.database.dir": "/nifi/database_repository",
        "nifi.flowfile.repository.dir": "/nifi/flowfile_repository",
        "nifi.internal.dir": "/nifi",
        "nifi.provenance.repository.dir.default": "/nifi/provenance_repository",        
        "nifi.max_mem": "1g",        
        "nifi.node.port": "9092",                
        "nifi.node.protocol.port": "9089",                        
        "nifi.node.ssl.port": "9093"
    },
   "nifi-env": {
        "nifi_user": "mynifiuser",
        "nifi_group": "mynifigroup"
    },
"nifi-registry-properties": {
      "nifi.registry.db.password": "@@@PASSWORD@@@"
    }
   ,
"kafka-broker": {
      "offsets.topic.replication.factor": "1"
    }
  }
}
