{
    "catalog_api_version": "3", 
    "config": {
        "config_meta": {}, 
        "config_choices": [], 
        "node_services": [
            {
                "service_ids": [
                    "ssh", 
                    "elasticsearch"
                ], 
                "role_id": "master"
            }, 
            {
                "service_ids": [
                    "ssh", 
                    "elasticsearch"
                ], 
                "role_id": "data"
            }, 
            {
                "service_ids": [
                    "ssh", 
                    "kibana"
                ], 
                "role_id": "kibana"
            }, 
            {
                "service_ids": [
                    "ssh", 
                    "logstash"
                ], 
                "role_id": "logstash"
            }
        ], 
        "selected_roles": [
            "master", 
            "data", 
            "kibana", 
            "logstash"
        ]
    }, 
    "image": {
        "checksum": "82bcdcdd2893f8aca21ce5a05f7af463", 
        "source_file": "bluedata-elasticsearch662-1.0.tar.gz"
    }, 
    "label": {
        "name": "ELK Stack 6.6.2 v1", 
        "description": "ELK Stack 6.6.2 cluster with elastic, logstash and kibana nodes v1"
    }, 
    "distro_id": "bluedata/elkstack662v1", 
    "version": "1.0", 
    "registry": {
        "authentication_enabled": false, 
        "url": "", 
        "content_trust_enabled": false
    }, 
    "services": [
        {
            "endpoint": {
                "port": "22", 
                "is_dashboard": false
            }, 
            "id": "ssh", 
            "label": {
                "name": "SSH"
            }
        }, 
        {
            "endpoint": {
                "url_scheme": "http", 
                "path": "/", 
                "is_dashboard": true, 
                "port": "9200"
            }, 
            "id": "elasticsearch", 
            "label": {
                "name": "ElasticSearch"
            }
        }, 
        {
            "endpoint": {
                "url_scheme": "http", 
                "path": "/", 
                "is_dashboard": true, 
                "port": "5601"
            }, 
            "id": "kibana", 
            "label": {
                "name": "Kibana"
            }
        }, 
        {
            "endpoint": {
                "url_scheme": "http", 
                "is_dashboard": false, 
                "port": "9600"
            }, 
            "id": "logstash", 
            "label": {
                "name": "Logstash"
            }
        }
    ], 
    "logo": {
        "checksum": "24632b544216fec34b123b1ffef6f8fd", 
        "source_file": "Logo_ELKStack.png"
    }, 
    "setup_package": {
        "config_api_version": 7, 
        "checksum": "226fe501b75309404243cece79672f16", 
        "source_file": "appconfig.tgz"
    }, 
    "node_roles": [
        {
            "cardinality": "1", 
            "id": "master"
        }, 
        {
            "cardinality": "0+", 
            "id": "data"
        }, 
        {
            "cardinality": "0+", 
            "id": "kibana"
        }, 
        {
            "cardinality": "0+", 
            "id": "logstash"
        }
    ], 
    "categories": [
        "ElasticSearch"
    ]
}
