{
    "catalog_api_version": "5", 
    "node_roles": [
        {
            "image": {
                "imageOSMajor": "7", 
                "checksum": "301b121d7aa24033cd81bb04a9337dd2", 
                "imageOS": "centos", 
                "source_file": "bluedata-controlcenter-1.0.0.tar.gz", 
                "imageRepotag": "bluedata/controlcenter:1.0.0"
            }, 
            "cardinality": "1", 
            "id": "Confluent_Control_Center"
        }, 
        {
            "image": {
                "imageOSMajor": "7", 
                "checksum": "a8578c16351107ae825e9cd835bf192f", 
                "imageOS": "centos", 
                "source_file": "bluedata-zookeeper-1.0.0.tar.gz", 
                "imageRepotag": "bluedata/zookeeper:1.0.0"
            }, 
            "cardinality": "3+", 
            "id": "Kafka_Zookeeper"
        }, 
        {
            "image": {
                "imageOSMajor": "7", 
                "checksum": "088f956c3342b9880f8e85eaf3720bab", 
                "imageOS": "centos", 
                "source_file": "bluedata-broker-1.0.0.tar.gz", 
                "imageRepotag": "bluedata/broker:1.0.0"
            }, 
            "cardinality": "3+", 
            "id": "Kafka_Broker"
        }, 
        {
            "image": {
                "imageOSMajor": "7", 
                "checksum": "281c3e99b914396601f6d2a86536c28c", 
                "imageOS": "centos", 
                "source_file": "bluedata-registry-1.0.0.tar.gz", 
                "imageRepotag": "bluedata/registry:1.0.0"
            }, 
            "cardinality": "1", 
            "id": "Kafka_Schema_Registry"
        }, 
        {
            "image": {
                "imageOSMajor": "7", 
                "checksum": "3f4a656c5b4d5f079dd2bff3a3d9ada9", 
                "imageOS": "centos", 
                "source_file": "bluedata-restproxy-1.0.0.tar.gz", 
                "imageRepotag": "bluedata/restproxy:1.0.0"
            }, 
            "cardinality": "1+", 
            "id": "Kafka_REST_Proxy"
        }, 
        {
            "image": {
                "imageOSMajor": "7", 
                "checksum": "324f323766d7355d33b3ecdb4f8eab3a", 
                "imageOS": "centos", 
                "source_file": "bluedata-connect-1.0.0.tar.gz", 
                "imageRepotag": "bluedata/connect:1.0.0"
            }, 
            "cardinality": "1+", 
            "id": "Kafka_Connect"
        }, 
        {
            "image": {
                "imageOSMajor": "7", 
                "checksum": "2fc8f2661169dcbd5c74869eac43b143", 
                "imageOS": "centos", 
                "source_file": "bluedata-ksql-1.0.0.tar.gz", 
                "imageRepotag": "bluedata/ksql:1.0.0"
            }, 
            "cardinality": "1", 
            "id": "Kafka_SQL_Server"
        }
    ], 
    "label": {
        "name": "Confluent Kafka 5.0_v1", 
        "description": "Confluent Kafka, with Control Center, KSQL, Broker, Zookeeper, Connect, REST, Schema Registry"
    }, 
    "distro_id": "bluedata/confluentkafka5_v1", 
    "version": "1.14", 
    "registry": {
        "authentication_enabled": false, 
        "url": "", 
        "content_trust_enabled": false
    }, 
    "services": [
        {
            "endpoint": {
                "port": "22", 
                "is_dashboard": false
            }, 
            "id": "ssh", 
            "label": {
                "name": "SSH"
            }
        }, 
        {
            "endpoint": {
                "is_dashboard": true, 
                "url_scheme": "http", 
                "port": "9021", 
                "path": "/"
            }, 
            "id": "control-center", 
            "label": {
                "name": "Confluent Control Center"
            }
        }, 
        {
            "endpoint": {
                "path": "/", 
                "is_dashboard": false, 
                "port": "2181"
            }, 
            "id": "zookeeper", 
            "label": {
                "name": "Kafka Zookeeper service"
            }
        }, 
        {
            "endpoint": {
                "is_dashboard": false, 
                "port": "9092"
            }, 
            "id": "kafka", 
            "label": {
                "name": "Kafka Broker service"
            }
        }, 
        {
            "endpoint": {
                "is_dashboard": false, 
                "port": "8081"
            }, 
            "id": "schema-registry", 
            "label": {
                "name": "Kafka Schema Registry service"
            }
        }, 
        {
            "endpoint": {
                "is_dashboard": false, 
                "port": "8082"
            }, 
            "id": "rest-proxy", 
            "label": {
                "name": "Kafka REST Proxy service"
            }
        }, 
        {
            "endpoint": {
                "is_dashboard": false, 
                "port": "8083"
            }, 
            "id": "kafka_connect_hadoopuser", 
            "label": {
                "name": "Kafka Connect REST API"
            }
        }, 
        {
            "endpoint": {
                "is_dashboard": false, 
                "port": "8088"
            }, 
            "id": "ksql", 
            "label": {
                "name": "Kafka SQL Server"
            }
        }
    ], 
    "logo": {
        "checksum": "b55c41d94498a9970c21e08ef5d2760b", 
        "source_file": "Logo_kafka.png"
    }, 
    "setup_package": {
        "config_api_version": 8, 
        "checksum": "bf8ec386be90efd55f30bd4c2f45d60b", 
        "source_file": "appconfig.tgz"
    }, 
    "config": {
        "config_meta": {}, 
        "config_choices": [
            {
                "label": {
                    "name": "Confluent Control Center"
                }, 
                "type": "boolean", 
                "id": "Confluent_Control_Center", 
                "selections": [
                    {
                        "id": false
                    }, 
                    {
                        "config": {
                            "node_services": [
                                {
                                    "service_ids": [
                                        "ssh", 
                                        "control-center"
                                    ], 
                                    "role_id": "Confluent_Control_Center"
                                }
                            ], 
                            "selected_roles": [
                                "Confluent_Control_Center"
                            ]
                        }, 
                        "id": true
                    }
                ]
            }, 
            {
                "label": {
                    "name": "Kafka SQL Server"
                }, 
                "type": "boolean", 
                "id": "Kafka_SQL_Server", 
                "selections": [
                    {
                        "id": false
                    }, 
                    {
                        "config": {
                            "node_services": [
                                {
                                    "service_ids": [
                                        "ssh", 
                                        "ksql"
                                    ], 
                                    "role_id": "Kafka_SQL_Server"
                                }
                            ], 
                            "selected_roles": [
                                "Kafka_SQL_Server"
                            ]
                        }, 
                        "id": true
                    }
                ]
            }, 
            {
                "label": {
                    "name": "Kafka REST Proxy"
                }, 
                "type": "boolean", 
                "id": "Kafka_REST_Proxy", 
                "selections": [
                    {
                        "id": false
                    }, 
                    {
                        "config": {
                            "node_services": [
                                {
                                    "service_ids": [
                                        "ssh", 
                                        "rest-proxy"
                                    ], 
                                    "role_id": "Kafka_REST_Proxy"
                                }
                            ], 
                            "selected_roles": [
                                "Kafka_REST_Proxy"
                            ]
                        }, 
                        "id": true
                    }
                ]
            }
        ], 
        "node_services": [
            {
                "service_ids": [
                    "ssh", 
                    "zookeeper"
                ], 
                "role_id": "Kafka_Zookeeper"
            }, 
            {
                "service_ids": [
                    "ssh", 
                    "kafka"
                ], 
                "role_id": "Kafka_Broker"
            }, 
            {
                "service_ids": [
                    "ssh", 
                    "schema-registry"
                ], 
                "role_id": "Kafka_Schema_Registry"
            }, 
            {
                "service_ids": [
                    "ssh", 
                    "kafka_connect_hadoopuser"
                ], 
                "role_id": "Kafka_Connect"
            }
        ], 
        "selected_roles": [
            "Kafka_Zookeeper", 
            "Kafka_Broker", 
            "Kafka_Schema_Registry", 
            "Kafka_Connect"
        ]
    }, 
    "categories": [
        "Kafka"
    ]
}
