{
    "catalog_api_version": "2", 
    "config": {
        "config_meta": {}, 
        "config_choices": [], 
        "node_services": [
            {
                "service_ids": [
                    "kafka-server", 
                    "zookeeper", 
                    "schema-registry", 
                    "ssh"
                ], 
                "role_id": "controller"
            }, 
            {
                "service_ids": [
                    "kafka-server", 
                    "zookeeper", 
                    "schema-registry", 
                    "ssh"
                ], 
                "role_id": "worker"
            }
        ], 
        "selected_roles": [
            "controller", 
            "worker"
        ]
    }, 
    "image": {
        "checksum": "9e9e3ceb6746b8369dc5b93edf2deae1", 
        "source_file": "bluedata-confluent-kafka-centos-1.0.tar.gz"
    }, 
    "label": {
        "name": "Confluent Kafka 3.2.1", 
        "description": "The free, open-source streaming platform (Enterprise edition) based on Apache Kafka. Confluent Platform is the best way to get started with real-time data streams."
    }, 
    "distro_id": "bluedata/confluent-kafka", 
    "version": "4.0", 
    "services": [
        {
            "endpoint": {
                "port": "22", 
                "is_dashboard": false
            }, 
            "id": "ssh", 
            "label": {
                "name": "SSH"
            }
        }, 
        {
            "endpoint": {
                "is_dashboard": false, 
                "port": "9092"
            }, 
            "id": "kafka-server", 
            "label": {
                "name": "Kafka service"
            }
        }, 
        {
            "endpoint": {
                "is_dashboard": false, 
                "port": "2181"
            }, 
            "id": "zookeeper", 
            "label": {
                "name": "Zookeeper service"
            }
        }, 
        {
            "endpoint": {
                "is_dashboard": false, 
                "port": "8081"
            }, 
            "id": "schema-registry", 
            "label": {
                "name": "Schema-registry service"
            }
        }
    ], 
    "logo": {
        "checksum": "8770e5c80cd11f307429a37c3e6a2f9d", 
        "source_file": "Logo_kafka.png"
    }, 
    "setup_package": {
        "config_api_version": 4, 
        "checksum": "28381ab984f63b22704ca003b60eb341", 
        "source_file": "appconfig.tgz"
    }, 
    "node_roles": [
        {
            "cardinality": "1", 
            "id": "controller"
        }, 
        {
            "cardinality": "0+", 
            "id": "worker"
        }
    ], 
    "categories": [
        "Kafka"
    ]
}